Tactic,Technique,Procedure,Indicator,Comments
0. Acquiring assets,0.6 Acquiring domains,0.6.2 Acquiring domains to support influence operations,closermag[.]eu,"Domains spoofing news or government sites Registration date: 10 July 2024, Country likely targeted: France"
0. Acquiring assets,0.6 Acquiring domains,0.6.2 Acquiring domains to support influence operations,conspiracywatch[.]in,"Domains spoofing news or government sites Registration date: 15 July 2024, Country likely targeted: France"
0. Acquiring assets,0.6 Acquiring domains,0.6.2 Acquiring domains to support influence operations,historia[.]fyi,"Domains spoofing news or government sites Registration date: 4 July 2024, Country likely targeted: France"
0. Acquiring assets,0.6 Acquiring domains,0.6.2 Acquiring domains to support influence operations,lefigaro[.]foo,"Domains spoofing news or government sites Registration date: 7 July 2024, Country likely targeted: France"
0. Acquiring assets,0.6 Acquiring domains,0.6.2 Acquiring domains to support influence operations,leparisien[.]wf,"Domains spoofing news or government sites Registration date: 18 May 2024, Country likely targeted: France"
0. Acquiring assets,0.6 Acquiring domains,0.6.2 Acquiring domains to support influence operations,psychologies[.]top,"Domains spoofing news or government sites Registration date: 21 June 2024, Country likely targeted: France"
0. Acquiring assets,0.6 Acquiring domains,0.6.2 Acquiring domains to support influence operations,scienceshumaines[.]sbs,"Domains spoofing news or government sites Registration date: 25 June 2024, Country likely targeted: France"
0. Acquiring assets,0.6 Acquiring domains,0.6.2 Acquiring domains to support influence operations,thuriesmagazine[.]in,"Domains spoofing news or government sites Registration date: 5 July 2024, Country likely targeted: France"
0. Acquiring assets,0.6 Acquiring domains,0.6.2 Acquiring domains to support influence operations,berliner-zeitung[.]in,"Domains spoofing news or government sites Registration date: 21 July 2024, Country likely targeted: Germany"
0. Acquiring assets,0.6 Acquiring domains,0.6.2 Acquiring domains to support influence operations,bibelbund[.]cfd,"Domains spoofing news or government sites Registration date: 7 July 2024, Country likely targeted: Germany"
0. Acquiring assets,0.6 Acquiring domains,0.6.2 Acquiring domains to support influence operations,geo[.]frl,"Domains spoofing news or government sites Registration date: 17 July 2024, Country likely targeted: Germany"
0. Acquiring assets,0.6 Acquiring domains,0.6.2 Acquiring domains to support influence operations,herder[.]in,"Domains spoofing news or government sites Registration date: 7 July 2024, Country likely targeted: Germany"
0. Acquiring assets,0.6 Acquiring domains,0.6.2 Acquiring domains to support influence operations,onmeda[.]click,"Domains spoofing news or government sites Registration date: 17 July 2024, Country likely targeted: Germany"
0. Acquiring assets,0.6 Acquiring domains,0.6.2 Acquiring domains to support influence operations,psychologie-heute[.]eu,"Domains spoofing news or government sites Registration date: 10 July 2024, Country likely targeted: Germany"
0. Acquiring assets,0.6 Acquiring domains,0.6.2 Acquiring domains to support influence operations,spektrum[.]cfd,"Domains spoofing news or government sites Registration date: 25 June 2024, Country likely targeted: Germany"
0. Acquiring assets,0.6 Acquiring domains,0.6.2 Acquiring domains to support influence operations,zeit[.]cx,"Domains spoofing news or government sites Registration date: 5 July 2024, Country likely targeted: Germany"
0. Acquiring assets,0.6 Acquiring domains,0.6.2 Acquiring domains to support influence operations,israeltoday[.]top,"Domains spoofing news or government sites Registration date: 4 July 2024, Country likely targeted: Israel"
0. Acquiring assets,0.6 Acquiring domains,0.6.2 Acquiring domains to support influence operations,lilith[.]day,"Domains spoofing news or government sites Registration date: 3 July 2024, Country likely targeted: Israel"
0. Acquiring assets,0.6 Acquiring domains,0.6.2 Acquiring domains to support influence operations,ciekawostkihistoryczne[.]in,"Domains spoofing news or government sites Registration date: 7 July 2024, Country likely targeted: Poland"
0. Acquiring assets,0.6 Acquiring domains,0.6.2 Acquiring domains to support influence operations,dzieckowpodrozy[.]in,"Domains spoofing news or government sites Registration date: 7 July 2024, Country likely targeted: Poland"
0. Acquiring assets,0.6 Acquiring domains,0.6.2 Acquiring domains to support influence operations,dzienniknaukowy[.]link,"Domains spoofing news or government sites Registration date: 3 July 2024, Country likely targeted: Poland"
0. Acquiring assets,0.6 Acquiring domains,0.6.2 Acquiring domains to support influence operations,mynaszlaku[.]in,"Domains spoofing news or government sites Registration date: 15 July 2024, Country likely targeted: Poland"
0. Acquiring assets,0.6 Acquiring domains,0.6.2 Acquiring domains to support influence operations,polityka[.]link,"Domains spoofing news or government sites Registration date: 6 April 2024, Country likely targeted: Poland"
0. Acquiring assets,0.6 Acquiring domains,0.6.2 Acquiring domains to support influence operations,polskieradio[.]cfd,"Domains spoofing news or government sites Registration date: 16 June 2024, Country likely targeted: Poland"
0. Acquiring assets,0.6 Acquiring domains,0.6.2 Acquiring domains to support influence operations,beautynewsnyc[.]cfd,"Domains spoofing news or government sites Registration date: 7 July 2024, Country likely targeted: United States"
0. Acquiring assets,0.6 Acquiring domains,0.6.2 Acquiring domains to support influence operations,cosmopolitan[.]day,"Domains spoofing news or government sites Registration date: 4 July 2024, Country likely targeted: United States/Germany"
0. Acquiring assets,0.6 Acquiring domains,0.6.2 Acquiring domains to support influence operations,eatingwell[.]cfd,"Domains spoofing news or government sites Registration date: 17 July 2024, Country likely targeted: United States"
0. Acquiring assets,0.6 Acquiring domains,0.6.2 Acquiring domains to support influence operations,ew[.]pe,"Domains spoofing news or government sites Registration date: n/a, Country likely targeted: United States"
0. Acquiring assets,0.6 Acquiring domains,0.6.2 Acquiring domains to support influence operations,forward[.]pw,"Domains spoofing news or government sites Registration date: 16 June 2024, Country likely targeted: United States"
0. Acquiring assets,0.6 Acquiring domains,0.6.2 Acquiring domains to support influence operations,graziamagazine[.]cfd,"Domains spoofing news or government sites Registration date: 9 July 2024, Country likely targeted: United States"
0. Acquiring assets,0.6 Acquiring domains,0.6.2 Acquiring domains to support influence operations,medicalhomeportal[.]boo,"Domains spoofing news or government sites Registration date: 15 July 2024, Country likely targeted: United States"
0. Acquiring assets,0.6 Acquiring domains,0.6.2 Acquiring domains to support influence operations,mensjournal[.]day,"Domains spoofing news or government sites Registration date: 7 July 2024, Country likely targeted: United States"
0. Acquiring assets,0.6 Acquiring domains,0.6.2 Acquiring domains to support influence operations,newyorker[.]bz,"Domains spoofing news or government sites Registration date: 10 May 2024, Country likely targeted: United States"
0. Acquiring assets,0.6 Acquiring domains,0.6.2 Acquiring domains to support influence operations,oah[.]icu,"Domains spoofing news or government sites Registration date: 17 July 2024, Country likely targeted: United States"
0. Acquiring assets,0.6 Acquiring domains,0.6.2 Acquiring domains to support influence operations,realsimple[.]sbs,"Domains spoofing news or government sites Registration date: 17 June 2024, Country likely targeted: United States"
0. Acquiring assets,0.6 Acquiring domains,0.6.2 Acquiring domains to support influence operations,slate[.]bz,"Domains spoofing news or government sites Registration date: 25 June 2024, Country likely targeted: United States"
0. Acquiring assets,0.6 Acquiring domains,0.6.2 Acquiring domains to support influence operations,wanttoknow[.]in,"Domains spoofing news or government sites Registration date: 5 July 2024, Country likely targeted: United States"
0. Acquiring assets,0.6 Acquiring domains,0.6.2 Acquiring domains to support influence operations,leparisien[.]top,""" Domains spoofing news or government sites Registration date: 2024-03-05, Country likely targeted: France"""
0. Acquiring assets,0.6 Acquiring domains,0.6.2 Acquiring domains to support influence operations,lepoint[.]wf,""" Domains spoofing news or government sites Registration date: 2024-03-31, Country likely targeted: France"""
0. Acquiring assets,0.6 Acquiring domains,0.6.2 Acquiring domains to support influence operations,welt[.]pm,""" Domains spoofing news or government sites Registration date: 2024-01-11, Country likely targeted: Germany"""
0. Acquiring assets,0.6 Acquiring domains,0.6.2 Acquiring domains to support influence operations,lastampa[.]in,""" Domains spoofing news or government sites Registration date: 2024-04-05, Country likely targeted: Italy"""
0. Acquiring assets,0.6 Acquiring domains,0.6.2 Acquiring domains to support influence operations,repubblica[.]in,""" Domains spoofing news or government sites Registration date: 2024-04-05, Country likely targeted: Italy"""
0. Acquiring assets,0.6 Acquiring domains,0.6.2 Acquiring domains to support influence operations,polskieradio[.]icu,""" Domains spoofing news or government sites Registration date: 2024-04-06, Country likely targeted: Poland"""
0. Acquiring assets,0.6 Acquiring domains,0.6.2 Acquiring domains to support influence operations,fox-news[.]in," Domains spoofing news or government sites Registration date: 10-18-2023, Country likely targeted: USA"
0. Acquiring assets,0.6 Acquiring domains,0.6.2 Acquiring domains to support influence operations,fox-news[.]top," Domains spoofing news or government sites Registration date: 02-10-2022, Country likely targeted: USA"
0. Acquiring assets,0.6 Acquiring domains,0.6.2 Acquiring domains to support influence operations,jiraboom[.]pro (Hosted a spoof of Der Spiegel)," Domains spoofing news or government sites Registration date: 09-23-2023, Country likely targeted: Germany"
0. Acquiring assets,0.6 Acquiring domains,0.6.2 Acquiring domains to support influence operations,leparisien[.]pm," Domains spoofing news or government sites Registration date: 08-03-2023, Country likely targeted: France"
0. Acquiring assets,0.6 Acquiring domains,0.6.2 Acquiring domains to support influence operations,lepoint[.]foo," Domains spoofing news or government sites Registration date: 08-07-2023, Country likely targeted: France"
0. Acquiring assets,0.6 Acquiring domains,0.6.2 Acquiring domains to support influence operations,pravda-ua[.]rest," Domains spoofing news or government sites Registration date: 08-02-2023, Country likely targeted: Ukraine"
0. Acquiring assets,0.6 Acquiring domains,0.6.2 Acquiring domains to support influence operations,pravda-ua[.]space," Domains spoofing news or government sites Registration date: 08-02-2023, Country likely targeted: Ukraine"
0. Acquiring assets,0.6 Acquiring domains,0.6.2 Acquiring domains to support influence operations,polityka[.]pro," Domains spoofing news or government sites Registration date: 08-29-2023, Country likely targeted: Poland"
0. Acquiring assets,0.6 Acquiring domains,0.6.2 Acquiring domains to support influence operations,rbk-sourse[.]digital," Domains spoofing news or government sites Registration date: 09-16-2023, Country likely targeted: Ukraine"
0. Acquiring assets,0.6 Acquiring domains,0.6.2 Acquiring domains to support influence operations,unian[.]pm," Domains spoofing news or government sites Registration date: 10-13-2023, Country likely targeted: Ukraine"
0. Acquiring assets,0.6 Acquiring domains,0.6.2 Acquiring domains to support influence operations,polskieradio24[.]net," Domains spoofing news or government sites Registration date: 08-18-2023, Country likely targeted: Poland"
0. Acquiring assets,0.6 Acquiring domains,0.6.2 Acquiring domains to support influence operations,leparisien[.]cc," Domains spoofing news or government sites Registration date: 07-23-2023, Country likely targeted: France"
0. Acquiring assets,0.6 Acquiring domains,0.6.2 Acquiring domains to support influence operations,liberation[.]ltd," Domains spoofing news or government sites Registration date: 07-11-2023, Country likely targeted: France"
0. Acquiring assets,0.6 Acquiring domains,0.6.2 Acquiring domains to support influence operations,walla[.]com[.]co," Domains spoofing news or government sites Registration date: 07-11-2023, Country likely targeted: Israel"
0. Acquiring assets,0.6 Acquiring domains,0.6.2 Acquiring domains to support influence operations,lepoint[.]info," Domains spoofing news or government sites Registration date: 07-11-2023, Country likely targeted: France"
0. Acquiring assets,0.6 Acquiring domains,0.6.2 Acquiring domains to support influence operations,nato[.]ws," Domains spoofing news or government sites Registration date: 07-06-2023, Country likely targeted: NATO"
0. Acquiring assets,0.6 Acquiring domains,0.6.2 Acquiring domains to support influence operations,govv[.]pw," Domains spoofing news or government sites Registration date: 07-04-2023, Country likely targeted: Poland"
0. Acquiring assets,0.6 Acquiring domains,0.6.2 Acquiring domains to support influence operations,mfa-qov[.]info," Domains spoofing news or government sites Registration date: 06-15-2023, Country likely targeted: Ukraine"
0. Acquiring assets,0.6 Acquiring domains,0.6.2 Acquiring domains to support influence operations,morgenpost[.]ltd," Domains spoofing news or government sites Registration date: 06-09-2023, Country likely targeted: Germany"
0. Acquiring assets,0.6 Acquiring domains,0.6.2 Acquiring domains to support influence operations,la-croix[.]cam," Domains spoofing news or government sites Registration date: 06-09-2023, Country likely targeted: France"
0. Acquiring assets,0.6 Acquiring domains,0.6.2 Acquiring domains to support influence operations,foxnews[.]cx," Domains spoofing news or government sites Registration date: 06-07-2023, Country likely targeted: USA"
0. Acquiring assets,0.6 Acquiring domains,0.6.2 Acquiring domains to support influence operations,bundespolizei[.]pe," Domains spoofing news or government sites Registration date: 06-06-2023, Country likely targeted: Germany"
0. Acquiring assets,0.6 Acquiring domains,0.6.2 Acquiring domains to support influence operations,ua-pravda[.]click," Domains spoofing news or government sites Registration date: 06-01-2023, Country likely targeted: Ukraine"
0. Acquiring assets,0.6 Acquiring domains,0.6.2 Acquiring domains to support influence operations,bund[.]pe," Domains spoofing news or government sites Registration date: 05-30-2023, Country likely targeted: Germany"
0. Acquiring assets,0.6 Acquiring domains,0.6.2 Acquiring domains to support influence operations,gouv[.]fm," Domains spoofing news or government sites Registration date: 05-25-2023, Country likely targeted: France"
0. Acquiring assets,0.6 Acquiring domains,0.6.2 Acquiring domains to support influence operations,mako[.]news," Domains spoofing news or government sites Registration date: 05-22-2023, Country likely targeted: Israel"
0. Acquiring assets,0.6 Acquiring domains,0.6.2 Acquiring domains to support influence operations,blld[.]live," Domains spoofing news or government sites Registration date: 05-01-2023, Country likely targeted: Germany"
0. Acquiring assets,0.6 Acquiring domains,0.6.2 Acquiring domains to support influence operations,obozrevatel[.]ltd," Domains spoofing news or government sites Registration date: 03-10-2023, Country likely targeted: Ukraine"
0. Acquiring assets,0.6 Acquiring domains,0.6.2 Acquiring domains to support influence operations,sueddeutsche[.]ltd," Domains spoofing news or government sites Registration date: 03-05-2023, Country likely targeted: Germany"
0. Acquiring assets,0.6 Acquiring domains,0.6.2 Acquiring domains to support influence operations,rbk[.]media," Domains spoofing news or government sites Registration date: 02-21-2023, Country likely targeted: Ukraine"
0. Acquiring assets,0.6 Acquiring domains,0.6.2 Acquiring domains to support influence operations,washingtonpost[.]ltd," Domains spoofing news or government sites Registration date: 02-16-2023, Country likely targeted: USA"
0. Acquiring assets,0.6 Acquiring domains,0.6.2 Acquiring domains to support influence operations,pravda-ua[.]com," Domains spoofing news or government sites Registration date: 02-12-2023, Country likely targeted: Ukraine"
0. Acquiring assets,0.6 Acquiring domains,0.6.2 Acquiring domains to support influence operations,leparisien[.]ltd," Domains spoofing news or government sites Registration date: 02-02-2023, Country likely targeted: France"
0. Acquiring assets,0.6 Acquiring domains,0.6.2 Acquiring domains to support influence operations,lemonde[.]ltd," Domains spoofing news or government sites Registration date: 12-08-2022, Country likely targeted: France"
0. Acquiring assets,0.6 Acquiring domains,0.6.2 Acquiring domains to support influence operations,bildd[.]beauty," Domains spoofing news or government sites Registration date: 10-26-2022, Country likely targeted: Germany"
0. Acquiring assets,0.6 Acquiring domains,0.6.2 Acquiring domains to support influence operations,bildd[.]lol," Domains spoofing news or government sites Registration date: 10-26-2022, Country likely targeted: Germany"
0. Acquiring assets,0.6 Acquiring domains,0.6.2 Acquiring domains to support influence operations,faz[.]lol," Domains spoofing news or government sites Registration date: 10-26-2022, Country likely targeted: Germany"
0. Acquiring assets,0.6 Acquiring domains,0.6.2 Acquiring domains to support influence operations,fazz[.]beauty," Domains spoofing news or government sites Registration date: 10-26-2022, Country likely targeted: Germany"
0. Acquiring assets,0.6 Acquiring domains,0.6.2 Acquiring domains to support influence operations,fazz[.]lol," Domains spoofing news or government sites Registration date: 10-26-2022, Country likely targeted: Germany"
0. Acquiring assets,0.6 Acquiring domains,0.6.2 Acquiring domains to support influence operations,spiegell[.]beauty," Domains spoofing news or government sites Registration date: 10-26-2022, Country likely targeted: Germany"
0. Acquiring assets,0.6 Acquiring domains,0.6.2 Acquiring domains to support influence operations,spiegell[.]lol," Domains spoofing news or government sites Registration date: 10-26-2022, Country likely targeted: Germany"
0. Acquiring assets,0.6 Acquiring domains,0.6.2 Acquiring domains to support influence operations,weltt[.]beauty," Domains spoofing news or government sites Registration date: 10-26-2022, Country likely targeted: Germany"
0. Acquiring assets,0.6 Acquiring domains,0.6.2 Acquiring domains to support influence operations,weltt[.]lol," Domains spoofing news or government sites Registration date: 10-26-2022, Country likely targeted: Germany"
0. Acquiring assets,0.6 Acquiring domains,0.6.2 Acquiring domains to support influence operations,faz[.]beauty," Domains spoofing news or government sites Registration date: 10-12-2022, Country likely targeted: Germany"
0. Acquiring assets,0.6 Acquiring domains,0.6.2 Acquiring domains to support influence operations,welt[.]beauty," Domains spoofing news or government sites Registration date: 10-11-2022, Country likely targeted: Germany"
0. Acquiring assets,0.6 Acquiring domains,0.6.2 Acquiring domains to support influence operations,welt[.]lol," Domains spoofing news or government sites Registration date: 10-11-2022, Country likely targeted: Germany"
0. Acquiring assets,0.6 Acquiring domains,0.6.2 Acquiring domains to support influence operations,bild-d[.]beauty," Domains spoofing news or government sites Registration date: 10-08-2022, Country likely targeted: Germany"
0. Acquiring assets,0.6 Acquiring domains,0.6.2 Acquiring domains to support influence operations,bild[.]beauty," Domains spoofing news or government sites Registration date: 10-08-2022, Country likely targeted: Germany"
0. Acquiring assets,0.6 Acquiring domains,0.6.2 Acquiring domains to support influence operations,bild[.]work," Domains spoofing news or government sites Registration date: 09-14-2022, Country likely targeted: Germany"
0. Acquiring assets,0.6 Acquiring domains,0.6.2 Acquiring domains to support influence operations,spiegel[.]cab," Domains spoofing news or government sites Registration date: 09-14-2022, Country likely targeted: Germany"
0. Acquiring assets,0.6 Acquiring domains,0.6.2 Acquiring domains to support influence operations,faz[.]life," Domains spoofing news or government sites Registration date: 09-14-2022, Country likely targeted: Germany"
0. Acquiring assets,0.6 Acquiring domains,0.6.2 Acquiring domains to support influence operations,sueddeutsche[.]co," Domains spoofing news or government sites Registration date: 09-13-2022, Country likely targeted: Germany"
0. Acquiring assets,0.6 Acquiring domains,0.6.2 Acquiring domains to support influence operations,tagesspiegel[.]co," Domains spoofing news or government sites Registration date: 09-13-2022, Country likely targeted: Germany"
0. Acquiring assets,0.6 Acquiring domains,0.6.2 Acquiring domains to support influence operations,welt[.]media," Domains spoofing news or government sites Registration date: 09-13-2022, Country likely targeted: Germany"
0. Acquiring assets,0.6 Acquiring domains,0.6.2 Acquiring domains to support influence operations,nd-aktuell[.]co," Domains spoofing news or government sites Registration date: 09-13-2022, Country likely targeted: Germany"
0. Acquiring assets,0.6 Acquiring domains,0.6.2 Acquiring domains to support influence operations,bild[.]ws," Domains spoofing news or government sites Registration date: 09-12-2022, Country likely targeted: Germany"
0. Acquiring assets,0.6 Acquiring domains,0.6.2 Acquiring domains to support influence operations,faz[.]agency," Domains spoofing news or government sites Registration date: 09-12-2022, Country likely targeted: Germany"
0. Acquiring assets,0.6 Acquiring domains,0.6.2 Acquiring domains to support influence operations,nd-aktuell[.]pro," Domains spoofing news or government sites Registration date: 09-12-2022, Country likely targeted: Germany"
0. Acquiring assets,0.6 Acquiring domains,0.6.2 Acquiring domains to support influence operations,spiegel[.]work," Domains spoofing news or government sites Registration date: 09-12-2022, Country likely targeted: Germany"
0. Acquiring assets,0.6 Acquiring domains,0.6.2 Acquiring domains to support influence operations,sueddeutsche[.]cc," Domains spoofing news or government sites Registration date: 09-12-2022, Country likely targeted: Germany"
0. Acquiring assets,0.6 Acquiring domains,0.6.2 Acquiring domains to support influence operations,welt[.]ws," Domains spoofing news or government sites Registration date: 09-12-2022, Country likely targeted: Germany"
0. Acquiring assets,0.6 Acquiring domains,0.6.2 Acquiring domains to support influence operations,bild[.]expert," Domains spoofing news or government sites Registration date: 09-06-2022, Country likely targeted: Germany"
0. Acquiring assets,0.6 Acquiring domains,0.6.2 Acquiring domains to support influence operations,zestiftung[.]com," Domains spoofing news or government sites Registration date: 08-27-2022, Country likely targeted: Germany"
0. Acquiring assets,0.6 Acquiring domains,0.6.2 Acquiring domains to support influence operations,nd-aktuell[.]net," Domains spoofing news or government sites Registration date: 08-23-2022, Country likely targeted: Germany"
0. Acquiring assets,0.6 Acquiring domains,0.6.2 Acquiring domains to support influence operations,spiegel[.]ink," Domains spoofing news or government sites Registration date: 08-20-2022, Country likely targeted: Germany"
0. Acquiring assets,0.6 Acquiring domains,0.6.2 Acquiring domains to support influence operations,sueddeutsche[.]online," Domains spoofing news or government sites Registration date: 08-20-2022, Country likely targeted: Germany"
0. Acquiring assets,0.6 Acquiring domains,0.6.2 Acquiring domains to support influence operations,t-online[.]life," Domains spoofing news or government sites Registration date: 08-20-2022, Country likely targeted: Germany"
0. Acquiring assets,0.6 Acquiring domains,0.6.2 Acquiring domains to support influence operations,sueddeutsche[.]me," Domains spoofing news or government sites Registration date: 08-18-2022, Country likely targeted: Germany"
0. Acquiring assets,0.6 Acquiring domains,0.6.2 Acquiring domains to support influence operations,spiegelr.life," Domains spoofing news or government sites Registration date: 08-14-2022, Country likely targeted: Germany"
0. Acquiring assets,0.6 Acquiring domains,0.6.2 Acquiring domains to support influence operations,spiegelr[.]live," Domains spoofing news or government sites Registration date: 08-14-2022, Country likely targeted: Germany"
0. Acquiring assets,0.6 Acquiring domains,0.6.2 Acquiring domains to support influence operations,spiegelr[.]today," Domains spoofing news or government sites Registration date: 08-14-2022, Country likely targeted: Germany"
0. Acquiring assets,0.6 Acquiring domains,0.6.2 Acquiring domains to support influence operations,t-onlinl[.]life," Domains spoofing news or government sites Registration date: 08-14-2022, Country likely targeted: Germany"
0. Acquiring assets,0.6 Acquiring domains,0.6.2 Acquiring domains to support influence operations,t-onlinl[.]live," Domains spoofing news or government sites Registration date: 08-14-2022, Country likely targeted: Germany"
0. Acquiring assets,0.6 Acquiring domains,0.6.2 Acquiring domains to support influence operations,t-onlinl[.]today," Domains spoofing news or government sites Registration date: 08-14-2022, Country likely targeted: Germany"
0. Acquiring assets,0.6 Acquiring domains,0.6.2 Acquiring domains to support influence operations,schlauespiel[.]de," Domains spoofing news or government sites Registration date: 08-09-2022, Country likely targeted: Germany"
0. Acquiring assets,0.6 Acquiring domains,0.6.2 Acquiring domains to support influence operations,tagesspiegel[.]ltd," Domains spoofing news or government sites Registration date: 08-09-2022, Country likely targeted: Germany"
0. Acquiring assets,0.6 Acquiring domains,0.6.2 Acquiring domains to support influence operations,spiegel[.]agency," Domains spoofing news or government sites Registration date: 08-06-2022, Country likely targeted: Germany"
0. Acquiring assets,0.6 Acquiring domains,0.6.2 Acquiring domains to support influence operations,t-onlinr[.]life," Domains spoofing news or government sites Registration date: 07-31-2022, Country likely targeted: Germany"
0. Acquiring assets,0.6 Acquiring domains,0.6.2 Acquiring domains to support influence operations,t-onlinr[.]live," Domains spoofing news or government sites Registration date: 07-31-2022, Country likely targeted: Germany"
0. Acquiring assets,0.6 Acquiring domains,0.6.2 Acquiring domains to support influence operations,t-onlinr[.]today," Domains spoofing news or government sites Registration date: 07-31-2022, Country likely targeted: Germany"
0. Acquiring assets,0.6 Acquiring domains,0.6.2 Acquiring domains to support influence operations,faz[.]ltd," Domains spoofing news or government sites Registration date: 07-30-2022, Country likely targeted: Germany"
0. Acquiring assets,0.6 Acquiring domains,0.6.2 Acquiring domains to support influence operations,spiegeli[.]life," Domains spoofing news or government sites Registration date: 07-28-2022, Country likely targeted: Germany"
0. Acquiring assets,0.6 Acquiring domains,0.6.2 Acquiring domains to support influence operations,spiegeli[.]live," Domains spoofing news or government sites Registration date: 07-28-2022, Country likely targeted: Germany"
0. Acquiring assets,0.6 Acquiring domains,0.6.2 Acquiring domains to support influence operations,spiegeli[.]today," Domains spoofing news or government sites Registration date: 07-28-2022, Country likely targeted: Germany"
0. Acquiring assets,0.6 Acquiring domains,0.6.2 Acquiring domains to support influence operations,welt[.]ltd," Domains spoofing news or government sites Registration date: 07-28-2022, Country likely targeted: Germany"
0. Acquiring assets,0.6 Acquiring domains,0.6.2 Acquiring domains to support influence operations,bild[.]llc," Domains spoofing news or government sites Registration date: 07-25-2022, Country likely targeted: Germany"
0. Acquiring assets,0.6 Acquiring domains,0.6.2 Acquiring domains to support influence operations,bild[.]eu[.]com," Domains spoofing news or government sites Registration date: 07-24-2022, Country likely targeted: Germany"
0. Acquiring assets,0.6 Acquiring domains,0.6.2 Acquiring domains to support influence operations,spiegel[.]pro," Domains spoofing news or government sites Registration date: 07-20-2022, Country likely targeted: Germany"
0. Acquiring assets,0.6 Acquiring domains,0.6.2 Acquiring domains to support influence operations,spiegel.fun," Domains spoofing news or government sites Registration date: 07-18-2022, Country likely targeted: Germany"
0. Acquiring assets,0.6 Acquiring domains,0.6.2 Acquiring domains to support influence operations,spiegel.quest," Domains spoofing news or government sites Registration date: 07-18-2022, Country likely targeted: Germany"
0. Acquiring assets,0.6 Acquiring domains,0.6.2 Acquiring domains to support influence operations,tonline[.]cfd," Domains spoofing news or government sites Registration date: 07-18-2022, Country likely targeted: Germany"
0. Acquiring assets,0.6 Acquiring domains,0.6.2 Acquiring domains to support influence operations,tonline[.]life," Domains spoofing news or government sites Registration date: 07-18-2022, Country likely targeted: Germany"
0. Acquiring assets,0.6 Acquiring domains,0.6.2 Acquiring domains to support influence operations,tonline[.]today," Domains spoofing news or government sites Registration date: 07-18-2022, Country likely targeted: Germany"
0. Acquiring assets,0.6 Acquiring domains,0.6.2 Acquiring domains to support influence operations,spiegel[.]today," Domains spoofing news or government sites Registration date: 07-16-2022, Country likely targeted: Germany"
0. Acquiring assets,0.6 Acquiring domains,0.6.2 Acquiring domains to support influence operations,rbk[.]today," Domains spoofing news or government sites Registration date: 07-13-2022, Country likely targeted: Ukraine"
0. Acquiring assets,0.6 Acquiring domains,0.6.2 Acquiring domains to support influence operations,repubblica.icu," Domains spoofing news or government sites Registration date: 07-12-2022, Country likely targeted: Italy"
0. Acquiring assets,0.6 Acquiring domains,0.6.2 Acquiring domains to support influence operations,repubblica.world," Domains spoofing news or government sites Registration date: 07-12-2022, Country likely targeted: Italy"
0. Acquiring assets,0.6 Acquiring domains,0.6.2 Acquiring domains to support influence operations,bild[.]asia," Domains spoofing news or government sites Registration date: 07-12-2022, Country likely targeted: Germany"
0. Acquiring assets,0.6 Acquiring domains,0.6.2 Acquiring domains to support influence operations,bild[.]vip," Domains spoofing news or government sites Registration date: 07-12-2022, Country likely targeted: Germany"
0. Acquiring assets,0.6 Acquiring domains,0.6.2 Acquiring domains to support influence operations,delfi[.]today," Domains spoofing news or government sites Registration date: 07-12-2022, Country likely targeted: Latvia"
0. Acquiring assets,0.6 Acquiring domains,0.6.2 Acquiring domains to support influence operations,delfi[.]top," Domains spoofing news or government sites Registration date: 07-12-2022, Country likely targeted: Latvia"
0. Acquiring assets,0.6 Acquiring domains,0.6.2 Acquiring domains to support influence operations,theguardian[.]co[.]com," Domains spoofing news or government sites Registration date: 07-07-2022, Country likely targeted: UK"
0. Acquiring assets,0.6 Acquiring domains,0.6.2 Acquiring domains to support influence operations,spiegel[.]ltd," Domains spoofing news or government sites Registration date: 06-29-2022, Country likely targeted: Germany"
0. Acquiring assets,0.6 Acquiring domains,0.6.2 Acquiring domains to support influence operations,20minuts[.]com," Domains spoofing news or government sites Registration date: 06-28-2022, Country likely targeted: France"
0. Acquiring assets,0.6 Acquiring domains,0.6.2 Acquiring domains to support influence operations,ansa[.]ltd," Domains spoofing news or government sites Registration date: 06-28-2022, Country likely targeted: Italy"
0. Acquiring assets,0.6 Acquiring domains,0.6.2 Acquiring domains to support influence operations,dailymail[.]cam," Domains spoofing news or government sites Registration date: 06-23-2022, Country likely targeted: UK"
0. Acquiring assets,0.6 Acquiring domains,0.6.2 Acquiring domains to support influence operations,dailymail[.]cfd," Domains spoofing news or government sites Registration date: 06-23-2022, Country likely targeted: UK"
0. Acquiring assets,0.6 Acquiring domains,0.6.2 Acquiring domains to support influence operations,delfi[.]life," Domains spoofing news or government sites Registration date: 06-15-2022, Country likely targeted: Latvia"
0. Acquiring assets,0.6 Acquiring domains,0.6.2 Acquiring domains to support influence operations,repubblica[.]life," Domains spoofing news or government sites Registration date: 06-13-2022, Country likely targeted: Italy"
0. Acquiring assets,0.6 Acquiring domains,0.6.2 Acquiring domains to support influence operations,dailymail[.]top," Domains spoofing news or government sites Registration date: 06-10-2022, Country likely targeted: UK"
0. Acquiring assets,0.6 Acquiring domains,0.6.2 Acquiring domains to support influence operations,welt[.]tours," Domains spoofing news or government sites Registration date: 06-07-2022, Country likely targeted: Germany"
0. Acquiring assets,0.6 Acquiring domains,0.6.2 Acquiring domains to support influence operations,bild[.]pics," Domains spoofing news or government sites Registration date: 06-06-2022, Country likely targeted: Germany"
0. Acquiring assets,0.6 Acquiring domains,0.6.2 Acquiring domains to support influence operations,washingtonpost[.]pm," Domains spoofing news or government sites Registration date: 11-10-2023, Country likely targeted: USA"
0. Acquiring assets,0.6 Acquiring domains,0.6.2 Acquiring domains to support influence operations,welt[.]pm," Domains spoofing news or government sites Registration date: 1-11-2024, Country likely targeted: Germany"
0. Acquiring assets,0.6 Acquiring domains,0.6.2 Acquiring domains to support influence operations,50statesoflie[.]com,"Operation’s websites and brands Registration date: 02/23/2023, Country likely targeted: USA"
0. Acquiring assets,0.6 Acquiring domains,0.6.2 Acquiring domains to support influence operations,acrosstheline[.]press,"Operation’s websites and brands Registration date: 02/27/2023, Country likely targeted: USA"
0. Acquiring assets,0.6 Acquiring domains,0.6.2 Acquiring domains to support influence operations,allons-y[.]social,"Operation’s websites and brands Registration date: 02/24/2023, Country likely targeted: France"
0. Acquiring assets,0.6 Acquiring domains,0.6.2 Acquiring domains to support influence operations,artichoc[.]io,"Operation’s websites and brands Registration date: 06/29/2023, Country likely targeted: France"
0. Acquiring assets,0.6 Acquiring domains,0.6.2 Acquiring domains to support influence operations,besuchszweck[.]org,"Operation’s websites and brands Registration date: 02/23/2023, Country likely targeted: Germany"
0. Acquiring assets,0.6 Acquiring domains,0.6.2 Acquiring domains to support influence operations,candidat[.]news,"Operation’s websites and brands Registration date: 02/24/2023, Country likely targeted: France"
0. Acquiring assets,0.6 Acquiring domains,0.6.2 Acquiring domains to support influence operations,cropmarketchronicles[.]us,"Operation’s websites and brands Registration date: 07/05/2023, Country likely targeted: USA"
0. Acquiring assets,0.6 Acquiring domains,0.6.2 Acquiring domains to support influence operations,derleitstern[.]com,"Operation’s websites and brands Registration date: 02/27/2023, Country likely targeted: Germany"
0. Acquiring assets,0.6 Acquiring domains,0.6.2 Acquiring domains to support influence operations,derrattenfanger[.]net,"Operation’s websites and brands Registration date: 02/27/2023, Country likely targeted: Germany"
0. Acquiring assets,0.6 Acquiring domains,0.6.2 Acquiring domains to support influence operations,electionwatch[.]live,"Operation’s websites and brands Registration date: 02/23/2023, Country likely targeted: USA"
0. Acquiring assets,0.6 Acquiring domains,0.6.2 Acquiring domains to support influence operations,franceeteu[.]today,"Operation’s websites and brands Registration date: 02/24/2023, Country likely targeted: France"
0. Acquiring assets,0.6 Acquiring domains,0.6.2 Acquiring domains to support influence operations,grenzezank[.]com,"Operation’s websites and brands Registration date: 07/05/2023, Country likely targeted: Germany"
0. Acquiring assets,0.6 Acquiring domains,0.6.2 Acquiring domains to support influence operations,holylandherald[.]com,"Operation’s websites and brands Registration date: 06/19/2023, Country likely targeted: Israel"
0. Acquiring assets,0.6 Acquiring domains,0.6.2 Acquiring domains to support influence operations,honeymoney[.]info,"Operation’s websites and brands Registration date: 02/23/2023, Country likely targeted: USA"
0. Acquiring assets,0.6 Acquiring domains,0.6.2 Acquiring domains to support influence operations,interventionist[.]us,"Operation’s websites and brands Registration date: 08/22/2023, Country likely targeted: USA"
0. Acquiring assets,0.6 Acquiring domains,0.6.2 Acquiring domains to support influence operations,kaputteampel[.]com,"Operation’s websites and brands Registration date: 07/05/2023, Country likely targeted: Germany"
0. Acquiring assets,0.6 Acquiring domains,0.6.2 Acquiring domains to support influence operations,laterrasse[.]online,"Operation’s websites and brands Registration date: 02/24/2023, Country likely targeted: France"
0. Acquiring assets,0.6 Acquiring domains,0.6.2 Acquiring domains to support influence operations,lavirgule[.]news,"Operation’s websites and brands Registration date: 02/24/2023, Country likely targeted: France"
0. Acquiring assets,0.6 Acquiring domains,0.6.2 Acquiring domains to support influence operations,lebelligerant[.]com,"Operation’s websites and brands Registration date: 06/29/2023, Country likely targeted: France"
0. Acquiring assets,0.6 Acquiring domains,0.6.2 Acquiring domains to support influence operations,lesfrontieres[.]media,"Operation’s websites and brands Registration date: 02/24/2023, Country likely targeted: France"
0. Acquiring assets,0.6 Acquiring domains,0.6.2 Acquiring domains to support influence operations,lexomnium[.]com,"Operation’s websites and brands Registration date: 07/05/2023, Country likely targeted: France"
0. Acquiring assets,0.6 Acquiring domains,0.6.2 Acquiring domains to support influence operations,liesofwallstreet[.]com,"Operation’s websites and brands Registration date: 02/23/2023, Country likely targeted: USA"
0. Acquiring assets,0.6 Acquiring domains,0.6.2 Acquiring domains to support influence operations,mypride[.]press,"Operation’s websites and brands Registration date: 02/27/2023, Country likely targeted: USA"
0. Acquiring assets,0.6 Acquiring domains,0.6.2 Acquiring domains to support influence operations,notrepays[.]today,"Operation’s websites and brands Registration date: 02/24/2023, Country likely targeted: France"
0. Acquiring assets,0.6 Acquiring domains,0.6.2 Acquiring domains to support influence operations,omnam[.]life,"Operation’s websites and brands Registration date: 07/19/2023, Country likely targeted: Israel"
0. Acquiring assets,0.6 Acquiring domains,0.6.2 Acquiring domains to support influence operations,rrn[.]media,"Operation’s websites and brands Registration date: 07/26/2023, Country likely targeted: Global"
0. Acquiring assets,0.6 Acquiring domains,0.6.2 Acquiring domains to support influence operations,spicyconspiracy[.]info,"Operation’s websites and brands Registration date: 02/23/2023, Country likely targeted: USA"
0. Acquiring assets,0.6 Acquiring domains,0.6.2 Acquiring domains to support influence operations,truthgate[.]us,"Operation’s websites and brands Registration date: 07/05/2023, Country likely targeted: USA"
0. Acquiring assets,0.6 Acquiring domains,0.6.2 Acquiring domains to support influence operations,ukrlm[.]info,"Operation’s websites and brands Registration date: 02/27/2023, Country likely targeted: Ukraine"
0. Acquiring assets,0.6 Acquiring domains,0.6.2 Acquiring domains to support influence operations,uschina[.]press,"Operation’s websites and brands Registration date: 02/23/2023, Country likely targeted: USA"
0. Acquiring assets,0.6 Acquiring domains,0.6.2 Acquiring domains to support influence operations,wanderfalke[.]net,"Operation’s websites and brands Registration date: 02/23/2023, Country likely targeted: Germany"
0. Acquiring assets,0.6 Acquiring domains,0.6.2 Acquiring domains to support influence operations,warfareinsider[.]us,"Operation’s websites and brands Registration date: 07/05/2023, Country likely targeted: USA"
0. Acquiring assets,0.6 Acquiring domains,0.6.2 Acquiring domains to support influence operations,ukraine-inc[.]info,"Operation’s websites and brands Registration date: 03/11/2023, Country likely targeted: Ukraine"
0. Acquiring assets,0.6 Acquiring domains,0.6.2 Acquiring domains to support influence operations,nord-streampipeline[.]site,"Operation’s websites and brands Registration date: 10/21/2022, Country likely targeted: Global"
0. Acquiring assets,0.6 Acquiring domains,0.6.2 Acquiring domains to support influence operations,70-putin-freunde[.]de,"Operation’s websites and brands Registration date: 10/05/2022, Country likely targeted: Germany"
0. Acquiring assets,0.6 Acquiring domains,0.6.2 Acquiring domains to support influence operations,tribunalukraine[.]info,"Operation’s websites and brands Registration date: 10/05/2022, Country likely targeted: Global"
0. Acquiring assets,0.6 Acquiring domains,0.6.2 Acquiring domains to support influence operations,sevenquestions[.]eu[.]com,"Operation’s websites and brands Registration date: 10/03/2022, Country likely targeted: Global"
0. Acquiring assets,0.6 Acquiring domains,0.6.2 Acquiring domains to support influence operations,sieben-fragen-putin[.]de,"Operation’s websites and brands Registration date: 10/02/2022, Country likely targeted: Germany"
0. Acquiring assets,0.6 Acquiring domains,0.6.2 Acquiring domains to support influence operations,factsmatter[.]me,"Operation’s websites and brands Registration date: 06/03/2022, Country likely targeted: Global"
0. Acquiring assets,0.6 Acquiring domains,0.6.2 Acquiring domains to support influence operations,avisindependent[.]eu,"Operation’s websites and brands Registration date: 06/03/2022, Country likely targeted: France"
0. Acquiring assets,0.6 Acquiring domains,0.6.2 Acquiring domains to support influence operations,rrn[.]world,"Operation’s websites and brands Registration date: 06/06/2022, Country likely targeted: Multiple"
0. Acquiring assets,0.6 Acquiring domains,0.6.2 Acquiring domains to support influence operations,derglaude[.]com,"Operation’s websites and brands Registration date: 06/29/2023, Country likely targeted: Germany"
0. Acquiring assets,0.6 Acquiring domains,0.6.2 Acquiring domains to support influence operations,meisterurian[.]io,"Operation’s websites and brands Registration date: 07/05/2023, Country likely targeted: Germany"